Reference,Value / part selection,Footprint,Quantity,Notes
U1,Raspberry Pi Pico / Pico H,Pico_40_Socketed,1,
J2,UART 3V3 logic,Header_1x04,1,
R1,1k,R_0805,1,
D1,PWR,LED_0805_Green,1,
R2,1k,R_0805,1,
D2,RUN,LED_0805_Green,1,
R3,1k,R_0805,1,
D3,TRACK,LED_0805_Amber,1,
R4,1k,R_0805,1,
D4,FAULT,LED_0805_Red,1,
SW1,NO tactile 6mm,SW_PUSH_6mm,1,
R5,10k,R_0805,1,
SW2,NO tactile 6mm,SW_PUSH_6mm,1,
R6,10k,R_0805,1,
SW3,NO tactile 6mm,SW_PUSH_6mm,1,
R7,10k,R_0805,1,
C1,10uF / 10V X7R,C_0805,1,
C2,100nF / 10V X7R,C_0805,1,
H1,M3 clearance 3.2mm,MountingHole_M3,1,
H2,M3 clearance 3.2mm,MountingHole_M3,1,
H3,M3 clearance 3.2mm,MountingHole_M3,1,
H4,M3 clearance 3.2mm,MountingHole_M3,1,
U1 sockets,1x20 female socket 2.54mm,Included in U1 footprint/model,2,
